pic_2524.jpg	sketch	dog
pic_888.jpg	sketch	dog
pic_1279.jpg	sketch	dog
pic_2694.jpg	sketch	dog
pic_79.jpg	sketch	dog
pic_650.jpg	sketch	dog
pic_2095.jpg	sketch	dog
pic_481.jpg	sketch	dog
pic_332.jpg	sketch	dog
pic_1417.jpg	sketch	dog
pic_532.jpg	sketch	dog
pic_2459.jpg	sketch	dog
pic_450.jpg	sketch	dog
pic_499.jpg	sketch	dog
pic_2928.jpg	sketch	dog
pic_2345.jpg	sketch	dog
pic_2447.jpg	sketch	dog
pic_2481.jpg	sketch	dog
pic_384.jpg	sketch	dog
pic_2952.jpg	sketch	dog
pic_159.jpg	sketch	dog
pic_2997.jpg	sketch	dog
pic_2514.jpg	sketch	dog
pic_1900.jpg	sketch	dog
pic_1094.jpg	sketch	dog
pic_1917.jpg	sketch	dog
pic_1752.jpg	sketch	dog
pic_2299.jpg	sketch	dog
pic_577.jpg	sketch	dog
pic_2477.jpg	sketch	dog
pic_1050.jpg	sketch	dog
pic_1541.jpg	sketch	dog
pic_2628.jpg	sketch	dog
pic_1218.jpg	sketch	dog
pic_565.jpg	sketch	dog
pic_49.jpg	sketch	dog
pic_2020.jpg	sketch	dog
pic_599.jpg	sketch	dog
pic_1729.jpg	sketch	dog
pic_1720.jpg	sketch	dog
pic_1636.jpg	sketch	dog
pic_1520.jpg	sketch	dog
pic_830.jpg	sketch	dog
pic_620.jpg	sketch	dog
pic_1555.jpg	sketch	dog
pic_1341.jpg	sketch	dog
pic_2728.jpg	sketch	dog
pic_2834.jpg	sketch	dog
pic_2509.jpg	sketch	dog
pic_293.jpg	sketch	dog
pic_2225.jpg	sketch	dog
pic_2099.jpg	sketch	dog
pic_2175.jpg	sketch	dog
pic_2918.jpg	sketch	dog
pic_517.jpg	sketch	dog
pic_2659.jpg	sketch	dog
pic_1538.jpg	sketch	dog
pic_980.jpg	sketch	dog
pic_2401.jpg	sketch	dog
pic_1060.jpg	sketch	dog
pic_1718.jpg	sketch	dog
pic_854.jpg	sketch	dog
pic_417.jpg	sketch	dog
pic_2056.jpg	sketch	dog
pic_841.jpg	sketch	dog
pic_2084.jpg	sketch	dog
pic_2251.jpg	sketch	dog
pic_1633.jpg	sketch	dog
pic_2337.jpg	sketch	dog
pic_142.jpg	sketch	dog
pic_1634.jpg	sketch	dog
pic_2332.jpg	sketch	dog
pic_2980.jpg	sketch	dog
pic_2191.jpg	sketch	dog
pic_1681.jpg	sketch	dog
pic_2957.jpg	sketch	dog
pic_868.jpg	sketch	dog
pic_1476.jpg	sketch	dog
pic_2411.jpg	sketch	dog
pic_2152.jpg	sketch	dog
pic_2334.jpg	sketch	dog
pic_2194.jpg	sketch	dog
pic_113.jpg	sketch	dog
pic_2946.jpg	sketch	dog
pic_657.jpg	sketch	dog
pic_1244.jpg	sketch	dog
pic_1202.jpg	sketch	dog
pic_1461.jpg	sketch	dog
pic_2518.jpg	sketch	dog
pic_800.jpg	sketch	dog
pic_2885.jpg	sketch	dog
pic_1787.jpg	sketch	dog
pic_674.jpg	sketch	dog
pic_300.jpg	sketch	dog
pic_2738.jpg	sketch	dog
pic_1847.jpg	sketch	dog
pic_938.jpg	sketch	dog
pic_2727.jpg	sketch	dog
pic_1079.jpg	sketch	dog
pic_106.jpg	sketch	dog
pic_2970.jpg	sketch	dog
pic_399.jpg	sketch	dog
pic_598.jpg	sketch	dog
pic_2212.jpg	sketch	dog
pic_2594.jpg	sketch	dog
pic_243.jpg	sketch	dog
pic_343.jpg	sketch	dog
pic_2040.jpg	sketch	dog
pic_1425.jpg	sketch	dog
pic_242.jpg	sketch	dog
pic_52.jpg	sketch	dog
pic_460.jpg	sketch	dog
pic_799.jpg	sketch	dog
pic_1769.jpg	sketch	dog
pic_1326.jpg	sketch	dog
pic_1722.jpg	sketch	dog
pic_1892.jpg	sketch	dog
pic_1951.jpg	sketch	dog
pic_38.jpg	sketch	dog
pic_2066.jpg	sketch	dog
pic_1176.jpg	sketch	dog
pic_1766.jpg	sketch	dog
pic_2972.jpg	sketch	dog
pic_2927.jpg	sketch	dog
pic_947.jpg	sketch	dog
pic_67.jpg	sketch	dog
pic_1239.jpg	sketch	dog
pic_1385.jpg	sketch	dog
pic_359.jpg	sketch	dog
pic_44.jpg	sketch	dog
pic_1709.jpg	sketch	dog
pic_1732.jpg	sketch	dog
pic_971.jpg	sketch	dog
pic_2137.jpg	sketch	dog
pic_2935.jpg	sketch	dog
pic_1288.jpg	sketch	dog
pic_768.jpg	sketch	dog
pic_1355.jpg	sketch	dog
pic_5.jpg	sketch	dog
pic_2639.jpg	sketch	dog
pic_241.jpg	sketch	dog
pic_2606.jpg	sketch	dog
pic_4.jpg	sketch	dog
pic_20.jpg	sketch	dog
pic_2646.jpg	sketch	dog
pic_946.jpg	sketch	dog
pic_1036.jpg	sketch	dog
pic_2052.jpg	sketch	dog
pic_56.jpg	sketch	dog
pic_2603.jpg	sketch	dog
pic_2457.jpg	sketch	dog
pic_369.jpg	sketch	dog
pic_863.jpg	sketch	dog
pic_775.jpg	sketch	dog
pic_327.jpg	sketch	dog
pic_1204.jpg	sketch	dog
pic_1517.jpg	sketch	dog
pic_2810.jpg	sketch	dog
pic_2645.jpg	sketch	dog
pic_27.jpg	sketch	dog
pic_1209.jpg	sketch	dog
pic_571.jpg	sketch	dog
pic_2213.jpg	sketch	dog
pic_1691.jpg	sketch	dog
pic_1179.jpg	sketch	dog
pic_196.jpg	sketch	dog
pic_2959.jpg	sketch	dog
pic_1412.jpg	sketch	dog
pic_1093.jpg	sketch	dog
pic_2830.jpg	sketch	dog
pic_806.jpg	sketch	dog
pic_2702.jpg	sketch	dog
pic_1069.jpg	sketch	dog
pic_1726.jpg	sketch	dog
pic_632.jpg	sketch	dog
pic_742.jpg	sketch	dog
pic_1730.jpg	sketch	dog
pic_2200.jpg	sketch	dog
pic_156.jpg	sketch	dog
pic_1911.jpg	sketch	dog
pic_1471.jpg	sketch	dog
pic_32.jpg	sketch	dog
pic_2161.jpg	sketch	dog
pic_728.jpg	sketch	dog
pic_809.jpg	sketch	dog
pic_1223.jpg	sketch	dog
pic_2765.jpg	sketch	dog
pic_30.jpg	sketch	dog
pic_605.jpg	sketch	dog
pic_2377.jpg	sketch	dog
pic_2777.jpg	sketch	dog
pic_697.jpg	sketch	dog
pic_760.jpg	sketch	dog
pic_1232.jpg	sketch	dog
pic_861.jpg	sketch	dog
pic_1535.jpg	sketch	dog
pic_2820.jpg	sketch	dog
pic_1701.jpg	sketch	dog
pic_50.jpg	sketch	dog
pic_943.jpg	sketch	dog
pic_2236.jpg	sketch	dog
pic_2490.jpg	sketch	dog
pic_1526.jpg	sketch	dog
pic_426.jpg	sketch	dog
pic_2776.jpg	sketch	dog
pic_363.jpg	sketch	dog
pic_1099.jpg	sketch	dog
pic_314.jpg	sketch	dog
pic_1377.jpg	sketch	dog
pic_1620.jpg	sketch	dog
pic_1458.jpg	sketch	dog
pic_2684.jpg	sketch	dog
pic_1416.jpg	sketch	dog
pic_2046.jpg	sketch	dog
pic_811.jpg	sketch	dog
pic_2624.jpg	sketch	dog
pic_217.jpg	sketch	dog
pic_1311.jpg	sketch	dog
pic_2032.jpg	sketch	dog
pic_1511.jpg	sketch	dog
pic_961.jpg	sketch	dog
pic_1741.jpg	sketch	dog
pic_1246.jpg	sketch	dog
pic_1902.jpg	sketch	dog
pic_643.jpg	sketch	dog
pic_1861.jpg	sketch	dog
pic_1929.jpg	sketch	dog
pic_763.jpg	sketch	dog
pic_816.jpg	sketch	dog
pic_2593.jpg	sketch	elephant
pic_1187.jpg	sketch	elephant
pic_11.jpg	sketch	elephant
pic_188.jpg	sketch	elephant
pic_960.jpg	sketch	elephant
pic_1626.jpg	sketch	elephant
pic_1516.jpg	sketch	elephant
pic_99.jpg	sketch	elephant
pic_2083.jpg	sketch	elephant
pic_1631.jpg	sketch	elephant
pic_2987.jpg	sketch	elephant
pic_317.jpg	sketch	elephant
pic_2672.jpg	sketch	elephant
pic_2042.jpg	sketch	elephant
pic_875.jpg	sketch	elephant
pic_64.jpg	sketch	elephant
pic_2892.jpg	sketch	elephant
pic_1667.jpg	sketch	elephant
pic_2488.jpg	sketch	elephant
pic_1498.jpg	sketch	elephant
pic_1588.jpg	sketch	elephant
pic_1135.jpg	sketch	elephant
pic_2372.jpg	sketch	elephant
pic_1159.jpg	sketch	elephant
pic_278.jpg	sketch	elephant
pic_2303.jpg	sketch	elephant
pic_2941.jpg	sketch	elephant
pic_636.jpg	sketch	elephant
pic_236.jpg	sketch	elephant
pic_2156.jpg	sketch	elephant
pic_2982.jpg	sketch	elephant
pic_1968.jpg	sketch	elephant
pic_2185.jpg	sketch	elephant
pic_1974.jpg	sketch	elephant
pic_1344.jpg	sketch	elephant
pic_1672.jpg	sketch	elephant
pic_739.jpg	sketch	elephant
pic_696.jpg	sketch	elephant
pic_90.jpg	sketch	elephant
pic_7.jpg	sketch	elephant
pic_1380.jpg	sketch	elephant
pic_1994.jpg	sketch	elephant
pic_1423.jpg	sketch	elephant
pic_1671.jpg	sketch	elephant
pic_1833.jpg	sketch	elephant
pic_255.jpg	sketch	elephant
pic_897.jpg	sketch	elephant
pic_345.jpg	sketch	elephant
pic_2003.jpg	sketch	elephant
pic_714.jpg	sketch	elephant
pic_1331.jpg	sketch	elephant
pic_2526.jpg	sketch	elephant
pic_321.jpg	sketch	elephant
pic_2422.jpg	sketch	elephant
pic_451.jpg	sketch	elephant
pic_910.jpg	sketch	elephant
pic_2389.jpg	sketch	elephant
pic_1551.jpg	sketch	elephant
pic_1585.jpg	sketch	elephant
pic_1621.jpg	sketch	elephant
pic_1333.jpg	sketch	elephant
pic_2709.jpg	sketch	elephant
pic_2170.jpg	sketch	elephant
pic_934.jpg	sketch	elephant
pic_1571.jpg	sketch	elephant
pic_1649.jpg	sketch	elephant
pic_933.jpg	sketch	elephant
pic_2128.jpg	sketch	elephant
pic_2306.jpg	sketch	elephant
pic_2772.jpg	sketch	elephant
pic_279.jpg	sketch	elephant
pic_1937.jpg	sketch	elephant
pic_1113.jpg	sketch	elephant
pic_2201.jpg	sketch	elephant
pic_2211.jpg	sketch	elephant
pic_2955.jpg	sketch	elephant
pic_403.jpg	sketch	elephant
pic_977.jpg	sketch	elephant
pic_958.jpg	sketch	elephant
pic_1102.jpg	sketch	elephant
pic_1697.jpg	sketch	elephant
pic_634.jpg	sketch	elephant
pic_2790.jpg	sketch	elephant
pic_2074.jpg	sketch	elephant
pic_2136.jpg	sketch	elephant
pic_272.jpg	sketch	elephant
pic_2180.jpg	sketch	elephant
pic_368.jpg	sketch	elephant
pic_2741.jpg	sketch	elephant
pic_2904.jpg	sketch	elephant
pic_2911.jpg	sketch	elephant
pic_724.jpg	sketch	elephant
pic_2417.jpg	sketch	elephant
pic_1873.jpg	sketch	elephant
pic_2247.jpg	sketch	elephant
pic_422.jpg	sketch	elephant
pic_130.jpg	sketch	elephant
pic_2223.jpg	sketch	elephant
pic_2617.jpg	sketch	elephant
pic_1802.jpg	sketch	elephant
pic_2172.jpg	sketch	elephant
pic_1312.jpg	sketch	elephant
pic_2091.jpg	sketch	elephant
pic_2551.jpg	sketch	elephant
pic_1064.jpg	sketch	elephant
pic_226.jpg	sketch	elephant
pic_432.jpg	sketch	elephant
pic_1474.jpg	sketch	elephant
pic_2713.jpg	sketch	elephant
pic_2590.jpg	sketch	elephant
pic_2627.jpg	sketch	elephant
pic_131.jpg	sketch	elephant
pic_1749.jpg	sketch	elephant
pic_1522.jpg	sketch	elephant
pic_2861.jpg	sketch	elephant
pic_1714.jpg	sketch	elephant
pic_1584.jpg	sketch	elephant
pic_1440.jpg	sketch	elephant
pic_2480.jpg	sketch	elephant
pic_2209.jpg	sketch	elephant
pic_1774.jpg	sketch	elephant
pic_1670.jpg	sketch	elephant
pic_2625.jpg	sketch	elephant
pic_2925.jpg	sketch	elephant
pic_1032.jpg	sketch	elephant
pic_68.jpg	sketch	elephant
pic_85.jpg	sketch	elephant
pic_2491.jpg	sketch	elephant
pic_1811.jpg	sketch	elephant
pic_1660.jpg	sketch	elephant
pic_388.jpg	sketch	elephant
pic_1760.jpg	sketch	elephant
pic_2828.jpg	sketch	elephant
pic_330.jpg	sketch	elephant
pic_2164.jpg	sketch	elephant
pic_895.jpg	sketch	elephant
pic_1087.jpg	sketch	elephant
pic_1449.jpg	sketch	elephant
pic_157.jpg	sketch	elephant
pic_2059.jpg	sketch	elephant
pic_2618.jpg	sketch	elephant
pic_1006.jpg	sketch	elephant
pic_986.jpg	sketch	elephant
pic_1401.jpg	sketch	elephant
pic_2758.jpg	sketch	elephant
pic_1549.jpg	sketch	elephant
pic_1723.jpg	sketch	elephant
pic_1166.jpg	sketch	elephant
pic_1956.jpg	sketch	elephant
pic_616.jpg	sketch	elephant
pic_404.jpg	sketch	elephant
pic_917.jpg	sketch	elephant
pic_1578.jpg	sketch	elephant
pic_780.jpg	sketch	elephant
pic_2705.jpg	sketch	elephant
pic_1857.jpg	sketch	elephant
pic_1986.jpg	sketch	elephant
pic_1927.jpg	sketch	elephant
pic_201.jpg	sketch	elephant
pic_195.jpg	sketch	elephant
pic_455.jpg	sketch	elephant
pic_2778.jpg	sketch	elephant
pic_15.jpg	sketch	elephant
pic_2633.jpg	sketch	elephant
pic_822.jpg	sketch	elephant
pic_1835.jpg	sketch	elephant
pic_1085.jpg	sketch	elephant
pic_2362.jpg	sketch	elephant
pic_411.jpg	sketch	elephant
pic_2655.jpg	sketch	elephant
pic_302.jpg	sketch	elephant
pic_997.jpg	sketch	elephant
pic_1156.jpg	sketch	elephant
pic_2553.jpg	sketch	elephant
pic_86.jpg	sketch	elephant
pic_771.jpg	sketch	elephant
pic_479.jpg	sketch	elephant
pic_2991.jpg	sketch	elephant
pic_1022.jpg	sketch	elephant
pic_1814.jpg	sketch	elephant
pic_1827.jpg	sketch	elephant
pic_1914.jpg	sketch	elephant
pic_366.jpg	sketch	elephant
pic_1808.jpg	sketch	elephant
pic_2148.jpg	sketch	elephant
pic_1617.jpg	sketch	elephant
pic_2993.jpg	sketch	elephant
pic_2135.jpg	sketch	elephant
pic_2217.jpg	sketch	elephant
pic_135.jpg	sketch	elephant
pic_373.jpg	sketch	elephant
pic_2662.jpg	sketch	elephant
pic_276.jpg	sketch	elephant
pic_2139.jpg	sketch	elephant
pic_2050.jpg	sketch	elephant
pic_1264.jpg	sketch	elephant
pic_1528.jpg	sketch	elephant
pic_2462.jpg	sketch	elephant
pic_919.jpg	sketch	elephant
pic_2726.jpg	sketch	elephant
pic_1165.jpg	sketch	elephant
pic_2177.jpg	sketch	elephant
pic_1889.jpg	sketch	elephant
pic_1033.jpg	sketch	elephant
pic_1291.jpg	sketch	elephant
pic_1334.jpg	sketch	elephant
pic_2249.jpg	sketch	elephant
pic_833.jpg	sketch	elephant
pic_595.jpg	sketch	elephant
pic_1314.jpg	sketch	elephant
pic_1183.jpg	sketch	elephant
pic_175.jpg	sketch	elephant
pic_171.jpg	sketch	elephant
pic_338.jpg	sketch	elephant
pic_1319.jpg	sketch	elephant
pic_2350.jpg	sketch	elephant
pic_2089.jpg	sketch	elephant
pic_2320.jpg	sketch	giraffe
pic_2295.jpg	sketch	giraffe
pic_1112.jpg	sketch	giraffe
pic_2455.jpg	sketch	giraffe
pic_1378.jpg	sketch	giraffe
pic_2373.jpg	sketch	giraffe
pic_19.jpg	sketch	giraffe
pic_2818.jpg	sketch	giraffe
pic_2700.jpg	sketch	giraffe
pic_982.jpg	sketch	giraffe
pic_2584.jpg	sketch	guitar
pic_220.jpg	sketch	guitar
pic_2114.jpg	sketch	guitar
pic_611.jpg	sketch	guitar
pic_2712.jpg	sketch	guitar
pic_2546.jpg	sketch	guitar
pic_147.jpg	sketch	guitar
pic_43.jpg	sketch	guitar
pic_176.jpg	sketch	guitar
pic_1668.jpg	sketch	horse
pic_2432.jpg	sketch	horse
pic_818.jpg	sketch	horse
pic_2984.jpg	sketch	horse
pic_699.jpg	sketch	horse
pic_1852.jpg	sketch	horse
pic_2570.jpg	sketch	horse
pic_901.jpg	sketch	horse
pic_603.jpg	sketch	house
pic_2123.jpg	sketch	house
pic_1652.jpg	sketch	house
pic_2335.jpg	sketch	house
pic_2304.jpg	sketch	house
pic_54.jpg	sketch	house
pic_249.jpg	sketch	house
pic_2371.jpg	sketch	house
pic_76.jpg	sketch	house
pic_2998.jpg	sketch	house
pic_1552.jpg	sketch	house
pic_682.jpg	sketch	house
pic_2866.jpg	sketch	house
pic_2283.jpg	sketch	person
pic_1078.jpg	sketch	person
pic_2940.jpg	sketch	person
pic_1628.jpg	sketch	person
pic_522.jpg	sketch	person
pic_746.jpg	sketch	person
pic_852.jpg	sketch	person
pic_1737.jpg	sketch	person
pic_2008.jpg	sketch	person
pic_1812.jpg	sketch	person
pic_305.jpg	sketch	person
pic_1742.jpg	sketch	person
pic_2470.jpg	sketch	person
pic_1982.jpg	art_painting	dog
pic_2735.jpg	art_painting	dog
pic_2090.jpg	art_painting	dog
pic_1890.jpg	art_painting	dog
pic_2355.jpg	art_painting	dog
pic_1489.jpg	art_painting	dog
pic_2054.jpg	art_painting	dog
pic_2169.jpg	art_painting	dog
pic_2396.jpg	art_painting	dog
pic_2542.jpg	art_painting	dog
pic_1997.jpg	art_painting	dog
pic_1051.jpg	art_painting	dog
pic_1676.jpg	art_painting	dog
pic_1993.jpg	art_painting	elephant
pic_1841.jpg	art_painting	elephant
pic_2107.jpg	art_painting	elephant
pic_2789.jpg	art_painting	elephant
pic_2915.jpg	art_painting	elephant
pic_524.jpg	art_painting	elephant
pic_288.jpg	art_painting	elephant
pic_2825.jpg	art_painting	elephant
pic_1818.jpg	art_painting	elephant
pic_1172.jpg	art_painting	elephant
pic_1596.jpg	art_painting	elephant
pic_557.jpg	art_painting	elephant
pic_1735.jpg	art_painting	elephant
pic_2418.jpg	art_painting	giraffe
pic_2754.jpg	art_painting	giraffe
pic_2434.jpg	art_painting	giraffe
pic_1502.jpg	art_painting	giraffe
pic_1566.jpg	art_painting	giraffe
pic_483.jpg	art_painting	giraffe
pic_313.jpg	art_painting	giraffe
pic_57.jpg	art_painting	giraffe
pic_1108.jpg	art_painting	giraffe
pic_223.jpg	art_painting	giraffe
pic_1368.jpg	art_painting	giraffe
pic_2151.jpg	art_painting	giraffe
pic_2155.jpg	art_painting	giraffe
pic_1426.jpg	art_painting	giraffe
pic_2450.jpg	art_painting	giraffe
pic_2312.jpg	art_painting	giraffe
pic_2409.jpg	art_painting	giraffe
pic_2610.jpg	art_painting	giraffe
pic_2926.jpg	art_painting	giraffe
pic_2692.jpg	art_painting	giraffe
pic_1167.jpg	art_painting	giraffe
pic_2041.jpg	art_painting	giraffe
pic_1604.jpg	art_painting	giraffe
pic_505.jpg	art_painting	giraffe
pic_1295.jpg	art_painting	giraffe
pic_2919.jpg	art_painting	giraffe
pic_1684.jpg	art_painting	giraffe
pic_2685.jpg	art_painting	giraffe
pic_2289.jpg	art_painting	giraffe
pic_2117.jpg	art_painting	giraffe
pic_1266.jpg	art_painting	giraffe
pic_1404.jpg	art_painting	giraffe
pic_1834.jpg	art_painting	giraffe
pic_719.jpg	art_painting	giraffe
pic_25.jpg	art_painting	giraffe
pic_484.jpg	art_painting	giraffe
pic_2504.jpg	art_painting	giraffe
pic_1350.jpg	art_painting	giraffe
pic_1224.jpg	art_painting	giraffe
pic_1630.jpg	art_painting	giraffe
pic_1565.jpg	art_painting	giraffe
pic_2388.jpg	art_painting	giraffe
pic_1728.jpg	art_painting	giraffe
pic_333.jpg	art_painting	giraffe
pic_376.jpg	art_painting	giraffe
pic_437.jpg	art_painting	giraffe
pic_1120.jpg	art_painting	giraffe
pic_2978.jpg	art_painting	giraffe
pic_446.jpg	art_painting	giraffe
pic_2028.jpg	art_painting	giraffe
pic_2279.jpg	art_painting	giraffe
pic_1117.jpg	art_painting	giraffe
pic_1557.jpg	art_painting	giraffe
pic_1304.jpg	art_painting	giraffe
pic_527.jpg	art_painting	giraffe
pic_2582.jpg	art_painting	giraffe
pic_1151.jpg	art_painting	giraffe
pic_2742.jpg	art_painting	giraffe
pic_2771.jpg	art_painting	giraffe
pic_2390.jpg	art_painting	giraffe
pic_2284.jpg	art_painting	giraffe
pic_882.jpg	art_painting	giraffe
pic_2784.jpg	art_painting	giraffe
pic_2178.jpg	art_painting	giraffe
pic_2395.jpg	art_painting	giraffe
pic_1316.jpg	art_painting	giraffe
pic_2665.jpg	art_painting	giraffe
pic_2384.jpg	art_painting	giraffe
pic_2688.jpg	art_painting	giraffe
pic_1973.jpg	art_painting	giraffe
pic_1008.jpg	art_painting	giraffe
pic_1300.jpg	art_painting	giraffe
pic_530.jpg	art_painting	giraffe
pic_1106.jpg	art_painting	giraffe
pic_2029.jpg	art_painting	giraffe
pic_1029.jpg	art_painting	giraffe
pic_1525.jpg	art_painting	giraffe
pic_2461.jpg	art_painting	giraffe
pic_747.jpg	art_painting	giraffe
pic_1506.jpg	art_painting	giraffe
pic_942.jpg	art_painting	giraffe
pic_2287.jpg	art_painting	giraffe
pic_844.jpg	art_painting	giraffe
pic_165.jpg	art_painting	giraffe
pic_2336.jpg	art_painting	giraffe
pic_1740.jpg	art_painting	giraffe
pic_92.jpg	art_painting	giraffe
pic_362.jpg	art_painting	giraffe
pic_1651.jpg	art_painting	giraffe
pic_161.jpg	art_painting	giraffe
pic_588.jpg	art_painting	giraffe
pic_2675.jpg	art_painting	giraffe
pic_911.jpg	art_painting	giraffe
pic_472.jpg	art_painting	giraffe
pic_1629.jpg	art_painting	giraffe
pic_219.jpg	art_painting	giraffe
pic_1321.jpg	art_painting	giraffe
pic_1356.jpg	art_painting	giraffe
pic_2002.jpg	art_painting	giraffe
pic_1040.jpg	art_painting	giraffe
pic_828.jpg	art_painting	giraffe
pic_1965.jpg	art_painting	giraffe
pic_2096.jpg	art_painting	giraffe
pic_2691.jpg	art_painting	giraffe
pic_2473.jpg	art_painting	giraffe
pic_140.jpg	art_painting	giraffe
pic_520.jpg	art_painting	giraffe
pic_1545.jpg	art_painting	giraffe
pic_2960.jpg	art_painting	giraffe
pic_2535.jpg	art_painting	giraffe
pic_2893.jpg	art_painting	giraffe
pic_1891.jpg	art_painting	giraffe
pic_803.jpg	art_painting	giraffe
pic_1405.jpg	art_painting	giraffe
pic_778.jpg	art_painting	giraffe
pic_1886.jpg	art_painting	giraffe
pic_1514.jpg	art_painting	giraffe
pic_843.jpg	art_painting	giraffe
pic_1638.jpg	art_painting	giraffe
pic_1220.jpg	art_painting	giraffe
pic_709.jpg	art_painting	giraffe
pic_262.jpg	art_painting	giraffe
pic_2522.jpg	art_painting	giraffe
pic_2265.jpg	art_painting	giraffe
pic_1164.jpg	art_painting	giraffe
pic_466.jpg	art_painting	giraffe
pic_2321.jpg	art_painting	giraffe
pic_684.jpg	art_painting	giraffe
pic_2347.jpg	art_painting	giraffe
pic_2544.jpg	art_painting	giraffe
pic_2142.jpg	art_painting	giraffe
pic_871.jpg	art_painting	giraffe
pic_2747.jpg	art_painting	giraffe
pic_1880.jpg	art_painting	giraffe
pic_857.jpg	art_painting	giraffe
pic_2513.jpg	art_painting	giraffe
pic_685.jpg	art_painting	giraffe
pic_1088.jpg	art_painting	giraffe
pic_124.jpg	art_painting	giraffe
pic_2660.jpg	art_painting	giraffe
pic_2081.jpg	art_painting	giraffe
pic_736.jpg	art_painting	giraffe
pic_899.jpg	art_painting	giraffe
pic_537.jpg	art_painting	giraffe
pic_498.jpg	art_painting	giraffe
pic_1446.jpg	art_painting	giraffe
pic_2281.jpg	art_painting	giraffe
pic_1513.jpg	art_painting	giraffe
pic_2721.jpg	art_painting	giraffe
pic_2214.jpg	art_painting	giraffe
pic_1930.jpg	art_painting	giraffe
pic_2394.jpg	art_painting	giraffe
pic_2922.jpg	art_painting	giraffe
pic_239.jpg	art_painting	giraffe
pic_707.jpg	art_painting	giraffe
pic_392.jpg	art_painting	giraffe
pic_23.jpg	art_painting	giraffe
pic_168.jpg	art_painting	giraffe
pic_1465.jpg	art_painting	giraffe
pic_475.jpg	art_painting	giraffe
pic_348.jpg	art_painting	giraffe
pic_2999.jpg	art_painting	giraffe
pic_687.jpg	art_painting	giraffe
pic_823.jpg	art_painting	giraffe
pic_1037.jpg	art_painting	giraffe
pic_1521.jpg	art_painting	giraffe
pic_2913.jpg	art_painting	giraffe
pic_666.jpg	art_painting	giraffe
pic_2773.jpg	art_painting	giraffe
pic_258.jpg	art_painting	giraffe
pic_2652.jpg	art_painting	giraffe
pic_1554.jpg	art_painting	giraffe
pic_1188.jpg	art_painting	giraffe
pic_2086.jpg	art_painting	giraffe
pic_1301.jpg	art_painting	giraffe
pic_2126.jpg	art_painting	giraffe
pic_393.jpg	art_painting	giraffe
pic_804.jpg	art_painting	giraffe
pic_2895.jpg	art_painting	giraffe
pic_2031.jpg	art_painting	giraffe
pic_2408.jpg	art_painting	giraffe
pic_1734.jpg	art_painting	giraffe
pic_2229.jpg	art_painting	giraffe
pic_256.jpg	art_painting	giraffe
pic_668.jpg	art_painting	giraffe
pic_1496.jpg	art_painting	giraffe
pic_462.jpg	art_painting	giraffe
pic_967.jpg	art_painting	giraffe
pic_693.jpg	art_painting	giraffe
pic_1429.jpg	art_painting	giraffe
pic_2690.jpg	art_painting	giraffe
pic_729.jpg	art_painting	giraffe
pic_2451.jpg	art_painting	giraffe
pic_2365.jpg	art_painting	giraffe
pic_2439.jpg	art_painting	giraffe
pic_308.jpg	art_painting	giraffe
pic_529.jpg	art_painting	giraffe
pic_543.jpg	art_painting	giraffe
pic_2458.jpg	art_painting	giraffe
pic_180.jpg	art_painting	giraffe
pic_1926.jpg	art_painting	giraffe
pic_860.jpg	art_painting	giraffe
pic_2075.jpg	art_painting	giraffe
pic_614.jpg	art_painting	giraffe
pic_1673.jpg	art_painting	giraffe
pic_1759.jpg	art_painting	giraffe
pic_2045.jpg	art_painting	giraffe
pic_866.jpg	art_painting	giraffe
pic_922.jpg	art_painting	giraffe
pic_2746.jpg	art_painting	giraffe
pic_2835.jpg	art_painting	giraffe
pic_1807.jpg	art_painting	giraffe
pic_1539.jpg	art_painting	giraffe
pic_612.jpg	art_painting	giraffe
pic_918.jpg	art_painting	giraffe
pic_1767.jpg	art_painting	giraffe
pic_2536.jpg	art_painting	giraffe
pic_717.jpg	art_painting	giraffe
pic_1003.jpg	art_painting	giraffe
pic_2231.jpg	art_painting	giraffe
pic_2947.jpg	art_painting	giraffe
pic_65.jpg	art_painting	giraffe
pic_1855.jpg	art_painting	giraffe
pic_172.jpg	art_painting	giraffe
pic_453.jpg	art_painting	giraffe
pic_2230.jpg	art_painting	giraffe
pic_1842.jpg	art_painting	giraffe
pic_534.jpg	art_painting	giraffe
pic_1133.jpg	art_painting	giraffe
pic_2933.jpg	art_painting	giraffe
pic_567.jpg	art_painting	giraffe
pic_1196.jpg	art_painting	guitar
pic_2981.jpg	art_painting	guitar
pic_339.jpg	art_painting	guitar
pic_731.jpg	art_painting	guitar
pic_2255.jpg	art_painting	guitar
pic_1336.jpg	art_painting	guitar
pic_59.jpg	art_painting	guitar
pic_930.jpg	art_painting	guitar
pic_2497.jpg	art_painting	guitar
pic_2467.jpg	art_painting	guitar
pic_2120.jpg	art_painting	horse
pic_1161.jpg	art_painting	horse
pic_261.jpg	art_painting	horse
pic_37.jpg	art_painting	horse
pic_582.jpg	art_painting	horse
pic_1034.jpg	art_painting	horse
pic_2637.jpg	art_painting	horse
pic_134.jpg	art_painting	horse
pic_2604.jpg	art_painting	horse
pic_2150.jpg	art_painting	horse
pic_1804.jpg	art_painting	horse
pic_2647.jpg	art_painting	horse
pic_2102.jpg	art_painting	horse
pic_160.jpg	art_painting	horse
pic_2021.jpg	art_painting	horse
pic_2903.jpg	art_painting	horse
pic_1089.jpg	art_painting	horse
pic_329.jpg	art_painting	horse
pic_2988.jpg	art_painting	horse
pic_2761.jpg	art_painting	horse
pic_624.jpg	art_painting	horse
pic_1928.jpg	art_painting	horse
pic_1132.jpg	art_painting	horse
pic_221.jpg	art_painting	horse
pic_658.jpg	art_painting	horse
pic_1779.jpg	art_painting	horse
pic_2258.jpg	art_painting	horse
pic_1105.jpg	art_painting	horse
pic_1342.jpg	art_painting	horse
pic_1597.jpg	art_painting	horse
pic_838.jpg	art_painting	horse
pic_609.jpg	art_painting	horse
pic_1433.jpg	art_painting	horse
pic_2644.jpg	art_painting	horse
pic_2307.jpg	art_painting	horse
pic_2341.jpg	art_painting	horse
pic_164.jpg	art_painting	horse
pic_1844.jpg	art_painting	horse
pic_2796.jpg	art_painting	horse
pic_1383.jpg	art_painting	horse
pic_1867.jpg	art_painting	horse
pic_2568.jpg	art_painting	horse
pic_230.jpg	art_painting	horse
pic_1455.jpg	art_painting	horse
pic_1782.jpg	art_painting	horse
pic_1259.jpg	art_painting	horse
pic_1420.jpg	art_painting	horse
pic_1430.jpg	art_painting	horse
pic_1975.jpg	art_painting	horse
pic_2157.jpg	art_painting	horse
pic_1941.jpg	art_painting	horse
pic_2291.jpg	art_painting	horse
pic_798.jpg	art_painting	horse
pic_2241.jpg	art_painting	horse
pic_51.jpg	art_painting	horse
pic_2811.jpg	art_painting	horse
pic_2097.jpg	art_painting	horse
pic_1863.jpg	art_painting	horse
pic_1027.jpg	art_painting	horse
pic_2619.jpg	art_painting	horse
pic_2963.jpg	art_painting	horse
pic_2807.jpg	art_painting	horse
pic_1682.jpg	art_painting	horse
pic_1677.jpg	art_painting	horse
pic_83.jpg	art_painting	horse
pic_985.jpg	art_painting	horse
pic_2475.jpg	art_painting	horse
pic_2400.jpg	art_painting	horse
pic_1215.jpg	art_painting	horse
pic_1098.jpg	art_painting	horse
pic_2297.jpg	art_painting	horse
pic_2786.jpg	art_painting	horse
pic_2143.jpg	art_painting	horse
pic_1708.jpg	art_painting	horse
pic_1893.jpg	art_painting	horse
pic_1073.jpg	art_painting	horse
pic_2548.jpg	art_painting	horse
pic_1687.jpg	art_painting	horse
pic_2010.jpg	art_painting	horse
pic_2048.jpg	art_painting	horse
pic_832.jpg	art_painting	horse
pic_1639.jpg	art_painting	horse
pic_1424.jpg	art_painting	horse
pic_1921.jpg	art_painting	horse
pic_2062.jpg	art_painting	horse
pic_2804.jpg	art_painting	horse
pic_1832.jpg	art_painting	horse
pic_1262.jpg	art_painting	horse
pic_14.jpg	art_painting	horse
pic_1984.jpg	art_painting	horse
pic_1816.jpg	art_painting	horse
pic_1041.jpg	art_painting	horse
pic_469.jpg	art_painting	horse
pic_194.jpg	art_painting	horse
pic_2108.jpg	art_painting	horse
pic_198.jpg	art_painting	horse
pic_2288.jpg	art_painting	horse
pic_507.jpg	art_painting	horse
pic_2823.jpg	art_painting	horse
pic_2651.jpg	art_painting	horse
pic_1798.jpg	art_painting	horse
pic_2547.jpg	art_painting	horse
pic_2664.jpg	art_painting	horse
pic_1931.jpg	art_painting	horse
pic_2292.jpg	art_painting	horse
pic_1810.jpg	art_painting	horse
pic_1086.jpg	art_painting	horse
pic_116.jpg	art_painting	horse
pic_1000.jpg	art_painting	horse
pic_2127.jpg	art_painting	horse
pic_2666.jpg	art_painting	horse
pic_1736.jpg	art_painting	horse
pic_1059.jpg	art_painting	horse
pic_211.jpg	art_painting	horse
pic_244.jpg	art_painting	horse
pic_2106.jpg	art_painting	horse
pic_158.jpg	art_painting	horse
pic_129.jpg	art_painting	horse
pic_1325.jpg	art_painting	horse
pic_1908.jpg	art_painting	horse
pic_1518.jpg	art_painting	horse
pic_2322.jpg	art_painting	horse
pic_1675.jpg	art_painting	horse
pic_24.jpg	art_painting	horse
pic_2069.jpg	art_painting	horse
pic_2378.jpg	art_painting	horse
pic_561.jpg	art_painting	horse
pic_596.jpg	art_painting	horse
pic_2749.jpg	art_painting	horse
pic_2737.jpg	art_painting	horse
pic_441.jpg	art_painting	horse
pic_2199.jpg	art_painting	horse
pic_2339.jpg	art_painting	horse
pic_1221.jpg	art_painting	horse
pic_1992.jpg	art_painting	horse
pic_1297.jpg	art_painting	horse
pic_1261.jpg	art_painting	horse
pic_1704.jpg	art_painting	horse
pic_1253.jpg	art_painting	horse
pic_2782.jpg	art_painting	horse
pic_61.jpg	art_painting	horse
pic_263.jpg	art_painting	horse
pic_428.jpg	art_painting	horse
pic_2494.jpg	art_painting	horse
pic_2916.jpg	art_painting	horse
pic_2280.jpg	art_painting	horse
pic_796.jpg	art_painting	horse
pic_58.jpg	art_painting	horse
pic_2237.jpg	art_painting	horse
pic_2305.jpg	art_painting	horse
pic_1936.jpg	art_painting	horse
pic_721.jpg	art_painting	horse
pic_2018.jpg	art_painting	horse
pic_1015.jpg	art_painting	horse
pic_1150.jpg	art_painting	horse
pic_1208.jpg	art_painting	horse
pic_676.jpg	art_painting	horse
pic_865.jpg	art_painting	horse
pic_354.jpg	art_painting	horse
pic_1030.jpg	art_painting	horse
pic_566.jpg	art_painting	horse
pic_1402.jpg	art_painting	horse
pic_2954.jpg	art_painting	horse
pic_963.jpg	art_painting	horse
pic_137.jpg	art_painting	horse
pic_954.jpg	art_painting	horse
pic_1296.jpg	art_painting	horse
pic_358.jpg	art_painting	horse
pic_743.jpg	art_painting	horse
pic_2557.jpg	art_painting	horse
pic_2576.jpg	art_painting	horse
pic_964.jpg	art_painting	horse
pic_2325.jpg	art_painting	horse
pic_2414.jpg	art_painting	horse
pic_1437.jpg	art_painting	horse
pic_2827.jpg	art_painting	horse
pic_295.jpg	art_painting	horse
pic_1372.jpg	art_painting	horse
pic_962.jpg	art_painting	horse
pic_1236.jpg	art_painting	horse
pic_2910.jpg	art_painting	house
pic_2092.jpg	art_painting	house
pic_277.jpg	art_painting	house
pic_464.jpg	art_painting	house
pic_1794.jpg	art_painting	house
pic_2816.jpg	art_painting	house
pic_1482.jpg	art_painting	house
pic_2561.jpg	art_painting	house
pic_983.jpg	art_painting	house
pic_1756.jpg	art_painting	house
pic_2856.jpg	art_painting	house
pic_2087.jpg	art_painting	person
pic_1560.jpg	art_painting	person
pic_867.jpg	art_painting	person
pic_435.jpg	art_painting	person
pic_1739.jpg	art_painting	person
pic_869.jpg	art_painting	person
pic_2253.jpg	art_painting	person
pic_1149.jpg	art_painting	person
pic_1452.jpg	art_painting	person
pic_2195.jpg	art_painting	person
pic_2224.jpg	art_painting	person
pic_1826.jpg	photo	dog
pic_1499.jpg	photo	dog
pic_1020.jpg	photo	dog
pic_162.jpg	photo	dog
pic_2864.jpg	photo	dog
pic_663.jpg	photo	dog
pic_1407.jpg	photo	dog
pic_2353.jpg	photo	dog
pic_601.jpg	photo	dog
pic_379.jpg	photo	dog
pic_1231.jpg	photo	elephant
pic_39.jpg	photo	elephant
pic_1977.jpg	photo	elephant
pic_2881.jpg	photo	elephant
pic_2897.jpg	photo	elephant
pic_2433.jpg	photo	elephant
pic_630.jpg	photo	elephant
pic_493.jpg	photo	elephant
pic_2506.jpg	photo	elephant
pic_1488.jpg	photo	elephant
pic_2219.jpg	photo	elephant
pic_1761.jpg	photo	elephant
pic_856.jpg	photo	elephant
pic_2425.jpg	photo	giraffe
pic_1274.jpg	photo	giraffe
pic_148.jpg	photo	giraffe
pic_229.jpg	photo	giraffe
pic_372.jpg	photo	giraffe
pic_1894.jpg	photo	giraffe
pic_948.jpg	photo	giraffe
pic_1746.jpg	photo	giraffe
pic_2766.jpg	photo	giraffe
pic_237.jpg	photo	giraffe
pic_1750.jpg	photo	giraffe
pic_1083.jpg	photo	giraffe
pic_2862.jpg	photo	guitar
pic_312.jpg	photo	guitar
pic_1242.jpg	photo	guitar
pic_2250.jpg	photo	guitar
pic_998.jpg	photo	guitar
pic_638.jpg	photo	guitar
pic_2736.jpg	photo	guitar
pic_1961.jpg	photo	guitar
pic_1273.jpg	photo	guitar
pic_2024.jpg	photo	guitar
pic_1290.jpg	photo	horse
pic_1190.jpg	photo	horse
pic_1056.jpg	photo	horse
pic_1431.jpg	photo	horse
pic_2958.jpg	photo	horse
pic_1154.jpg	photo	horse
pic_2599.jpg	photo	horse
pic_1101.jpg	photo	horse
pic_117.jpg	photo	horse
pic_2105.jpg	photo	horse
pic_1813.jpg	photo	horse
pic_2875.jpg	photo	house
pic_2920.jpg	photo	house
pic_2468.jpg	photo	house
pic_829.jpg	photo	house
pic_2499.jpg	photo	house
pic_1567.jpg	photo	house
pic_1201.jpg	photo	house
pic_2942.jpg	photo	house
pic_489.jpg	photo	house
pic_2983.jpg	photo	house
pic_1464.jpg	photo	house
pic_2203.jpg	photo	house
pic_1379.jpg	photo	house
pic_1115.jpg	photo	house
pic_2964.jpg	photo	house
pic_2783.jpg	photo	house
pic_2908.jpg	photo	house
pic_1327.jpg	photo	house
pic_886.jpg	photo	house
pic_909.jpg	photo	house
pic_2523.jpg	photo	house
pic_1981.jpg	photo	house
pic_2921.jpg	photo	house
pic_1632.jpg	photo	house
pic_2971.jpg	photo	house
pic_1122.jpg	photo	house
pic_2113.jpg	photo	house
pic_2878.jpg	photo	house
pic_2190.jpg	photo	house
pic_1510.jpg	photo	house
pic_1309.jpg	photo	house
pic_1360.jpg	photo	house
pic_584.jpg	photo	house
pic_35.jpg	photo	house
pic_2034.jpg	photo	house
pic_1897.jpg	photo	house
pic_2030.jpg	photo	house
pic_492.jpg	photo	house
pic_207.jpg	photo	house
pic_1103.jpg	photo	house
pic_1781.jpg	photo	house
pic_2854.jpg	photo	house
pic_2007.jpg	photo	house
pic_1181.jpg	photo	house
pic_1206.jpg	photo	house
pic_1193.jpg	photo	house
pic_725.jpg	photo	house
pic_2800.jpg	photo	house
pic_1612.jpg	photo	house
pic_209.jpg	photo	house
pic_2098.jpg	photo	house
pic_2636.jpg	photo	house
pic_995.jpg	photo	house
pic_431.jpg	photo	house
pic_100.jpg	photo	house
pic_2794.jpg	photo	house
pic_2376.jpg	photo	house
pic_1170.jpg	photo	house
pic_2472.jpg	photo	house
pic_1250.jpg	photo	house
pic_2891.jpg	photo	house
pic_2846.jpg	photo	house
pic_2650.jpg	photo	house
pic_915.jpg	photo	house
pic_1184.jpg	photo	house
pic_1881.jpg	photo	house
pic_1332.jpg	photo	house
pic_109.jpg	photo	house
pic_2791.jpg	photo	house
pic_1693.jpg	photo	house
pic_283.jpg	photo	house
pic_1901.jpg	photo	house
pic_1568.jpg	photo	house
pic_677.jpg	photo	house
pic_1664.jpg	photo	house
pic_1497.jpg	photo	house
pic_880.jpg	photo	house
pic_1234.jpg	photo	house
pic_2973.jpg	photo	house
pic_454.jpg	photo	house
pic_987.jpg	photo	house
pic_75.jpg	photo	house
pic_2710.jpg	photo	house
pic_701.jpg	photo	house
pic_340.jpg	photo	house
pic_1615.jpg	photo	house
pic_80.jpg	photo	house
pic_2487.jpg	photo	house
pic_523.jpg	photo	house
pic_89.jpg	photo	house
pic_2629.jpg	photo	house
pic_2022.jpg	photo	house
pic_991.jpg	photo	house
pic_1954.jpg	photo	house
pic_2677.jpg	photo	house
pic_2257.jpg	photo	house
pic_34.jpg	photo	house
pic_661.jpg	photo	house
pic_1057.jpg	photo	house
pic_1124.jpg	photo	house
pic_1820.jpg	photo	house
pic_418.jpg	photo	house
pic_1287.jpg	photo	house
pic_1147.jpg	photo	house
pic_2680.jpg	photo	house
pic_1205.jpg	photo	house
pic_1486.jpg	photo	house
pic_1307.jpg	photo	house
pic_1989.jpg	photo	house
pic_1603.jpg	photo	house
pic_921.jpg	photo	house
pic_2348.jpg	photo	house
pic_1716.jpg	photo	house
pic_1983.jpg	photo	house
pic_2441.jpg	photo	house
pic_551.jpg	photo	house
pic_2842.jpg	photo	house
pic_1947.jpg	photo	house
pic_2166.jpg	photo	house
pic_1399.jpg	photo	house
pic_2469.jpg	photo	house
pic_1543.jpg	photo	house
pic_951.jpg	photo	house
pic_2511.jpg	photo	house
pic_503.jpg	photo	house
pic_177.jpg	photo	house
pic_476.jpg	photo	house
pic_251.jpg	photo	house
pic_1998.jpg	photo	house
pic_583.jpg	photo	house
pic_2314.jpg	photo	house
pic_2612.jpg	photo	house
pic_710.jpg	photo	house
pic_2017.jpg	photo	house
pic_1376.jpg	photo	house
pic_2474.jpg	photo	house
pic_1683.jpg	photo	house
pic_502.jpg	photo	house
pic_264.jpg	photo	house
pic_1470.jpg	photo	house
pic_653.jpg	photo	house
pic_2263.jpg	photo	house
pic_1971.jpg	photo	house
pic_216.jpg	photo	house
pic_777.jpg	photo	house
pic_1764.jpg	photo	house
pic_1445.jpg	photo	house
pic_2296.jpg	photo	house
pic_200.jpg	photo	house
pic_2826.jpg	photo	house
pic_1579.jpg	photo	house
pic_1573.jpg	photo	house
pic_2204.jpg	photo	house
pic_309.jpg	photo	house
pic_615.jpg	photo	house
pic_433.jpg	photo	house
pic_1920.jpg	photo	house
pic_2815.jpg	photo	house
pic_2125.jpg	photo	house
pic_1532.jpg	photo	house
pic_2094.jpg	photo	house
pic_1963.jpg	photo	house
pic_467.jpg	photo	house
pic_1793.jpg	photo	house
pic_2667.jpg	photo	house
pic_815.jpg	photo	house
pic_604.jpg	photo	house
pic_2630.jpg	photo	house
pic_920.jpg	photo	house
pic_2248.jpg	photo	house
pic_1786.jpg	photo	house
pic_491.jpg	photo	house
pic_1366.jpg	photo	house
pic_1940.jpg	photo	house
pic_1467.jpg	photo	house
pic_391.jpg	photo	house
pic_1860.jpg	photo	house
pic_2569.jpg	photo	house
pic_887.jpg	photo	house
pic_2883.jpg	photo	house
pic_509.jpg	photo	house
pic_618.jpg	photo	house
pic_2829.jpg	photo	house
pic_1679.jpg	photo	house
pic_1469.jpg	photo	house
pic_2759.jpg	photo	house
pic_606.jpg	photo	house
pic_508.jpg	photo	house
pic_248.jpg	photo	house
pic_139.jpg	photo	house
pic_325.jpg	photo	house
pic_183.jpg	photo	house
pic_275.jpg	photo	house
pic_2375.jpg	photo	house
pic_2793.jpg	photo	house
pic_1594.jpg	photo	house
pic_993.jpg	photo	house
pic_2698.jpg	photo	house
pic_1544.jpg	photo	house
pic_1153.jpg	photo	house
pic_282.jpg	photo	house
pic_1444.jpg	photo	house
pic_197.jpg	photo	house
pic_2654.jpg	photo	house
pic_695.jpg	photo	house
pic_1674.jpg	photo	house
pic_270.jpg	photo	house
pic_2616.jpg	photo	house
pic_1121.jpg	photo	house
pic_2452.jpg	photo	house
pic_1907.jpg	photo	house
pic_2186.jpg	photo	house
pic_820.jpg	photo	house
pic_2271.jpg	photo	house
pic_2184.jpg	photo	house
pic_169.jpg	photo	person
pic_766.jpg	photo	person
pic_2676.jpg	photo	person
pic_2039.jpg	photo	person
pic_900.jpg	photo	person
pic_2313.jpg	photo	person
pic_790.jpg	photo	person
pic_429.jpg	photo	person
pic_705.jpg	photo	person
pic_2423.jpg	photo	person
pic_972.jpg	photo	person
pic_1110.jpg	photo	person
pic_1576.jpg	photo	person
pic_2874.jpg	photo	person
pic_2171.jpg	photo	person
pic_874.jpg	photo	person
pic_1800.jpg	photo	person
pic_783.jpg	photo	person
pic_735.jpg	photo	person
pic_540.jpg	photo	person
pic_1719.jpg	photo	person
pic_2538.jpg	photo	person
pic_850.jpg	photo	person
pic_2356.jpg	photo	person
pic_234.jpg	photo	person
pic_635.jpg	photo	person
pic_2849.jpg	photo	person
pic_1711.jpg	photo	person
pic_2138.jpg	photo	person
pic_1017.jpg	photo	person
pic_2165.jpg	photo	person
pic_594.jpg	photo	person
pic_1586.jpg	photo	person
pic_2079.jpg	photo	person
pic_2626.jpg	photo	person
pic_73.jpg	photo	person
pic_2037.jpg	photo	person
pic_704.jpg	photo	person
pic_786.jpg	photo	person
pic_1795.jpg	photo	person
pic_1529.jpg	photo	person
pic_2641.jpg	photo	person
pic_2442.jpg	photo	person
pic_88.jpg	photo	person
pic_1128.jpg	photo	person
pic_2464.jpg	photo	person
pic_1435.jpg	photo	person
pic_2009.jpg	photo	person
pic_471.jpg	photo	person
pic_1533.jpg	photo	person
pic_2121.jpg	photo	person
pic_303.jpg	photo	person
pic_1463.jpg	photo	person
pic_452.jpg	photo	person
pic_474.jpg	photo	person
pic_1397.jpg	photo	person
pic_1792.jpg	photo	person
pic_2119.jpg	photo	person
pic_1663.jpg	photo	person
pic_2140.jpg	photo	person
pic_488.jpg	photo	person
pic_1358.jpg	photo	person
pic_2465.jpg	photo	person
pic_2936.jpg	photo	person
pic_36.jpg	photo	person
pic_1836.jpg	photo	person
pic_1043.jpg	photo	person
pic_2508.jpg	photo	person
pic_1969.jpg	photo	person
pic_1144.jpg	photo	person
pic_1753.jpg	photo	person
pic_1163.jpg	photo	person
pic_1007.jpg	photo	person
pic_2323.jpg	photo	person
pic_1493.jpg	photo	person
pic_335.jpg	photo	person
pic_60.jpg	photo	person
pic_2160.jpg	photo	person
pic_757.jpg	photo	person
pic_1195.jpg	photo	person
pic_1851.jpg	photo	person
pic_1335.jpg	photo	person
pic_2404.jpg	photo	person
pic_463.jpg	photo	person
pic_892.jpg	photo	person
pic_398.jpg	photo	person
pic_1157.jpg	photo	person
pic_748.jpg	photo	person
pic_1915.jpg	photo	person
pic_2256.jpg	photo	person
pic_597.jpg	photo	person
pic_2053.jpg	photo	person
pic_1791.jpg	photo	person
pic_355.jpg	photo	person
pic_1593.jpg	photo	person
pic_990.jpg	photo	person
pic_1599.jpg	photo	person
pic_1143.jpg	photo	person
pic_1967.jpg	photo	person
pic_1393.jpg	photo	person
pic_2302.jpg	photo	person
pic_1840.jpg	photo	person
pic_370.jpg	photo	person
pic_1608.jpg	photo	person
pic_1263.jpg	photo	person
pic_2844.jpg	photo	person
pic_40.jpg	photo	person
pic_2243.jpg	photo	person
pic_108.jpg	photo	person
pic_1434.jpg	photo	person
pic_2720.jpg	photo	person
pic_1923.jpg	photo	person
pic_2770.jpg	photo	person
pic_2587.jpg	photo	person
pic_1508.jpg	photo	person
pic_1903.jpg	photo	person
pic_1696.jpg	photo	person
pic_549.jpg	photo	person
pic_2076.jpg	photo	person
pic_2261.jpg	photo	person
pic_1226.jpg	photo	person
pic_2319.jpg	photo	person
pic_1031.jpg	photo	person
pic_1136.jpg	photo	person
pic_2429.jpg	photo	person
pic_839.jpg	photo	person
pic_2179.jpg	photo	person
pic_1142.jpg	photo	person
pic_2188.jpg	photo	person
pic_1145.jpg	photo	person
pic_2537.jpg	photo	person
pic_848.jpg	photo	person
pic_1084.jpg	photo	person
pic_2399.jpg	photo	person
pic_1819.jpg	photo	person
pic_2402.jpg	photo	person
pic_1343.jpg	photo	person
pic_1370.jpg	photo	person
pic_1002.jpg	photo	person
pic_210.jpg	photo	person
pic_2426.jpg	photo	person
pic_741.jpg	photo	person
pic_2855.jpg	photo	person
pic_542.jpg	photo	person
pic_319.jpg	photo	person
pic_1302.jpg	photo	person
pic_1757.jpg	photo	person
pic_1248.jpg	photo	person
pic_2210.jpg	photo	person
pic_1076.jpg	photo	person
pic_965.jpg	photo	person
pic_1395.jpg	photo	person
pic_1884.jpg	photo	person
pic_2831.jpg	photo	person
pic_1268.jpg	photo	person
pic_660.jpg	photo	person
pic_1503.jpg	photo	person
pic_2681.jpg	photo	person
pic_3.jpg	photo	person
pic_649.jpg	photo	person
pic_1773.jpg	photo	person
pic_2027.jpg	photo	person
pic_1058.jpg	photo	person
pic_2443.jpg	photo	person
pic_310.jpg	photo	person
pic_63.jpg	photo	person
pic_2572.jpg	photo	person
pic_794.jpg	photo	person
pic_1211.jpg	photo	person
pic_730.jpg	photo	person
pic_807.jpg	photo	person
pic_1391.jpg	photo	person
pic_847.jpg	photo	person
pic_1778.jpg	photo	person
pic_797.jpg	photo	person
pic_846.jpg	photo	person
pic_1450.jpg	photo	person
pic_290.jpg	photo	person
pic_1780.jpg	photo	person
pic_1052.jpg	photo	person
pic_2427.jpg	photo	person
pic_2567.jpg	photo	person
pic_855.jpg	photo	person
pic_2435.jpg	photo	person
pic_149.jpg	photo	person
pic_715.jpg	photo	person
pic_1438.jpg	photo	person
pic_1107.jpg	photo	person
pic_2233.jpg	photo	person
pic_2785.jpg	photo	person
pic_461.jpg	photo	person
pic_365.jpg	photo	person
pic_1373.jpg	photo	person
pic_916.jpg	photo	person
pic_2540.jpg	photo	person
pic_2202.jpg	photo	person
pic_1806.jpg	photo	person
pic_1292.jpg	photo	person
pic_2058.jpg	photo	person
pic_773.jpg	photo	person
pic_2559.jpg	photo	person
pic_394.jpg	photo	person
pic_2309.jpg	photo	person
pic_2950.jpg	photo	person
pic_1864.jpg	photo	person
pic_876.jpg	photo	person
pic_2104.jpg	photo	person
pic_1456.jpg	photo	person
pic_686.jpg	photo	person
pic_1491.jpg	photo	person
pic_353.jpg	photo	person
pic_939.jpg	cartoon	dog
pic_723.jpg	cartoon	dog
pic_1874.jpg	cartoon	dog
pic_375.jpg	cartoon	dog
pic_1061.jpg	cartoon	dog
pic_2000.jpg	cartoon	dog
pic_29.jpg	cartoon	dog
pic_271.jpg	cartoon	dog
pic_849.jpg	cartoon	dog
pic_1775.jpg	cartoon	dog
pic_2549.jpg	cartoon	elephant
pic_1171.jpg	cartoon	elephant
pic_1125.jpg	cartoon	elephant
pic_344.jpg	cartoon	elephant
pic_2907.jpg	cartoon	elephant
pic_2873.jpg	cartoon	elephant
pic_1703.jpg	cartoon	elephant
pic_1817.jpg	cartoon	elephant
pic_622.jpg	cartoon	elephant
pic_1768.jpg	cartoon	elephant
pic_1755.jpg	cartoon	elephant
pic_2748.jpg	cartoon	elephant
pic_903.jpg	cartoon	elephant
pic_213.jpg	cartoon	giraffe
pic_289.jpg	cartoon	giraffe
pic_1643.jpg	cartoon	giraffe
pic_10.jpg	cartoon	giraffe
pic_2381.jpg	cartoon	giraffe
pic_179.jpg	cartoon	giraffe
pic_563.jpg	cartoon	giraffe
pic_2580.jpg	cartoon	giraffe
pic_2167.jpg	cartoon	giraffe
pic_1694.jpg	cartoon	giraffe
pic_2489.jpg	cartoon	giraffe
pic_2755.jpg	cartoon	giraffe
pic_2267.jpg	cartoon	guitar
pic_154.jpg	cartoon	guitar
pic_2485.jpg	cartoon	guitar
pic_2358.jpg	cartoon	guitar
pic_2865.jpg	cartoon	guitar
pic_1178.jpg	cartoon	guitar
pic_2623.jpg	cartoon	guitar
pic_851.jpg	cartoon	guitar
pic_940.jpg	cartoon	guitar
pic_1046.jpg	cartoon	guitar
pic_2392.jpg	cartoon	guitar
pic_1825.jpg	cartoon	guitar
pic_102.jpg	cartoon	guitar
pic_1581.jpg	cartoon	guitar
pic_907.jpg	cartoon	guitar
pic_1189.jpg	cartoon	guitar
pic_2739.jpg	cartoon	guitar
pic_486.jpg	cartoon	guitar
pic_2956.jpg	cartoon	guitar
pic_1611.jpg	cartoon	guitar
pic_1480.jpg	cartoon	guitar
pic_2909.jpg	cartoon	guitar
pic_1175.jpg	cartoon	guitar
pic_673.jpg	cartoon	guitar
pic_975.jpg	cartoon	guitar
pic_2769.jpg	cartoon	guitar
pic_795.jpg	cartoon	guitar
pic_1699.jpg	cartoon	guitar
pic_480.jpg	cartoon	guitar
pic_1859.jpg	cartoon	guitar
pic_2833.jpg	cartoon	guitar
pic_2260.jpg	cartoon	guitar
pic_2385.jpg	cartoon	guitar
pic_2410.jpg	cartoon	guitar
pic_504.jpg	cartoon	guitar
pic_2863.jpg	cartoon	guitar
pic_2841.jpg	cartoon	guitar
pic_1758.jpg	cartoon	guitar
pic_2779.jpg	cartoon	guitar
pic_233.jpg	cartoon	guitar
pic_936.jpg	cartoon	guitar
pic_1096.jpg	cartoon	guitar
pic_1139.jpg	cartoon	guitar
pic_1276.jpg	cartoon	guitar
pic_759.jpg	cartoon	guitar
pic_1490.jpg	cartoon	guitar
pic_1990.jpg	cartoon	guitar
pic_2541.jpg	cartoon	guitar
pic_1895.jpg	cartoon	guitar
pic_569.jpg	cartoon	guitar
pic_425.jpg	cartoon	guitar
pic_1141.jpg	cartoon	guitar
pic_8.jpg	cartoon	guitar
pic_926.jpg	cartoon	guitar
pic_2012.jpg	cartoon	guitar
pic_1856.jpg	cartoon	guitar
pic_2269.jpg	cartoon	guitar
pic_1866.jpg	cartoon	guitar
pic_2216.jpg	cartoon	guitar
pic_1240.jpg	cartoon	guitar
pic_2242.jpg	cartoon	guitar
pic_1025.jpg	cartoon	guitar
pic_110.jpg	cartoon	guitar
pic_2674.jpg	cartoon	guitar
pic_1944.jpg	cartoon	guitar
pic_1298.jpg	cartoon	guitar
pic_1707.jpg	cartoon	guitar
pic_473.jpg	cartoon	guitar
pic_2563.jpg	cartoon	guitar
pic_785.jpg	cartoon	guitar
pic_945.jpg	cartoon	guitar
pic_881.jpg	cartoon	guitar
pic_1394.jpg	cartoon	guitar
pic_515.jpg	cartoon	guitar
pic_1938.jpg	cartoon	guitar
pic_562.jpg	cartoon	guitar
pic_1169.jpg	cartoon	guitar
pic_1839.jpg	cartoon	guitar
pic_2914.jpg	cartoon	guitar
pic_858.jpg	cartoon	guitar
pic_1924.jpg	cartoon	guitar
pic_136.jpg	cartoon	guitar
pic_228.jpg	cartoon	guitar
pic_788.jpg	cartoon	guitar
pic_2159.jpg	cartoon	guitar
pic_1363.jpg	cartoon	guitar
pic_407.jpg	cartoon	guitar
pic_1712.jpg	cartoon	guitar
pic_2837.jpg	cartoon	guitar
pic_2714.jpg	cartoon	guitar
pic_2962.jpg	cartoon	guitar
pic_2986.jpg	cartoon	guitar
pic_1979.jpg	cartoon	guitar
pic_442.jpg	cartoon	guitar
pic_1896.jpg	cartoon	guitar
pic_2649.jpg	cartoon	guitar
pic_1313.jpg	cartoon	guitar
pic_227.jpg	cartoon	guitar
pic_2063.jpg	cartoon	guitar
pic_170.jpg	cartoon	guitar
pic_2638.jpg	cartoon	guitar
pic_1932.jpg	cartoon	guitar
pic_141.jpg	cartoon	guitar
pic_413.jpg	cartoon	guitar
pic_1550.jpg	cartoon	guitar
pic_1422.jpg	cartoon	guitar
pic_2996.jpg	cartoon	guitar
pic_2374.jpg	cartoon	guitar
pic_2679.jpg	cartoon	guitar
pic_2517.jpg	cartoon	guitar
pic_1657.jpg	cartoon	guitar
pic_506.jpg	cartoon	guitar
pic_2631.jpg	cartoon	guitar
pic_2333.jpg	cartoon	guitar
pic_1256.jpg	cartoon	guitar
pic_2595.jpg	cartoon	guitar
pic_47.jpg	cartoon	guitar
pic_2890.jpg	cartoon	guitar
pic_2990.jpg	cartoon	guitar
pic_692.jpg	cartoon	guitar
pic_2730.jpg	cartoon	guitar
pic_2808.jpg	cartoon	horse
pic_1403.jpg	cartoon	horse
pic_2555.jpg	cartoon	horse
pic_1200.jpg	cartoon	horse
pic_46.jpg	cartoon	horse
pic_2357.jpg	cartoon	horse
pic_2840.jpg	cartoon	horse
pic_2989.jpg	cartoon	horse
pic_627.jpg	cartoon	horse
pic_2088.jpg	cartoon	horse
pic_1509.jpg	cartoon	horse
pic_1738.jpg	cartoon	house
pic_145.jpg	cartoon	house
pic_1322.jpg	cartoon	house
pic_2067.jpg	cartoon	house
pic_231.jpg	cartoon	house
pic_928.jpg	cartoon	house
pic_808.jpg	cartoon	house
pic_1330.jpg	cartoon	house
pic_459.jpg	cartoon	house
pic_1024.jpg	cartoon	house
pic_2044.jpg	cartoon	house
pic_2183.jpg	cartoon	house
pic_1230.jpg	cartoon	person
pic_671.jpg	cartoon	person
pic_2762.jpg	cartoon	person
pic_1713.jpg	cartoon	person
pic_45.jpg	cartoon	person
pic_1727.jpg	cartoon	person
pic_424.jpg	cartoon	person
pic_637.jpg	cartoon	person
pic_740.jpg	cartoon	person
pic_1642.jpg	cartoon	person
pic_66.jpg	cartoon	person
pic_218.jpg	cartoon	person
