Query,Response
"Feast - Sheraton Hyderabad Hotel and Paradise, which is better?","Paradise has a higher rating than Feast - Sheraton Hyderabad Hotel, so you should go for Paradise."
Tell me something about The Tilt Bar Republic.,"The reviews highlight a mix of experiences at Tilt Republic Bar, with some praising the extensive beer selection and good ambiance, while others criticize the food quality, service issues, and cleanliness, suggesting it's better for drinks than food."
What is NorFest - The Dhaba's rating?,The overall rating of NorFest - The Dhaba is 3.519.
I'm choosing between NorFest - The Dhaba and Olive Garden. Which one should I go?,"NorFest - The Dhaba has a higher rating than Olive Garden, so you should go for NorFest - The Dhaba."
How is Triptify rated?,The overall rating of Triptify is 2.855.
"Which is the better pick, Shah Ghouse Spl Shawarma or KFC?","Shah Ghouse Spl Shawarma has a higher rating than KFC, so you should go for Shah Ghouse Spl Shawarma."
What feedback are people giving about KFC?,"The reviews reflect a mix of experiences, with some praising the food quality, especially the chicken wings and Zinger burger, while others express disappointment over late deliveries, poor customer service, and issues with food quality, leading to a decision to avoid KFC in the future."
What score does AB's - Absolute Barbecues have?,The overall rating of AB's - Absolute Barbecues is 4.067.
"Which stands out more, La La Land - Bar & Kitchen or Driven Cafe?","Driven Cafe has a higher rating than La La Land - Bar & Kitchen, so you should go for Driven Cafe."
What opinions are people sharing about Gal Punjab Di?,"The restaurant offers a mix of experiences; while some dishes like Dal Makhani and Butter Chicken are praised for their authenticity and taste, others like the parathas and certain gravies are criticized for lack of flavor and quality, with service being noted as slow and needing improvement. Overall, it has a nice ambiance but inconsistent food quality."
How do people rate Jonathan's Kitchen - Holiday Inn Express & Suites?,The overall rating of Jonathan's Kitchen - Holiday Inn Express & Suites is 3.679.
"Between Jonathan's Kitchen - Holiday Inn Express & Suites and Paradise, which is the best choice?","Paradise has a higher rating than Jonathan's Kitchen - Holiday Inn Express & Suites, so you should go for Paradise."
How do people feel about Triptify?,"The reviews reflect a mix of experiences, with some customers praising the quality and packaging of the parathas, while others express disappointment over incorrect orders, burnt food, and inconsistent taste, particularly noting issues with spiciness and thickness."
Can you tell me the rating for Shah Ghouse Spl Shawarma?,The overall rating of Shah Ghouse Spl Shawarma is 3.109.
Should I choose AB's - Absolute Barbecues or Jonathan's Kitchen - Holiday Inn Express & Suites?,"AB's - Absolute Barbecues has a higher rating than Jonathan's Kitchen - Holiday Inn Express & Suites, so you should go for AB's - Absolute Barbecues."
What do people think of AB's - Absolute Barbecues?,"The restaurant offers a wide variety of food with excellent service, though some dishes were average and the ambiance could be improved; however, many guests enjoyed the friendly staff and delicious desserts."
What's the user rating for Gal Punjab Di?,The overall rating of Gal Punjab Di is 3.279.
"Between Gal Punjab Di and Driven Cafe, which is the best choice?","Driven Cafe has a higher rating than Gal Punjab Di, so you should go for Driven Cafe."
What comments are people making about Paradise?,"The restaurant has a great ambiance and good service, but the food quality is inconsistent, with some dishes being disappointing while others, like the egg biryani and haleem, are praised. Overall, it's a mixed experience with some recommending it for family visits."
How do people rate Olive Garden?,The overall rating of Olive Garden is 3.162.
